,Username,Positive,Negative,Neutral,Overall
0,Sample,Sample,Sample,Sample,Sample
1,@otherjoebiden,11.13903133903134,11.661823361823362,77.19800569800576,Neutral
2,@ncfarmer321,8.907977207977204,16.333048433048425,74.75868945868942,Negative
3,@dearpotus46,15.615384615384619,3.267521367521367,81.11709401709403,Neutral
4,@biden4pres,11.2960113960114,6.317663817663818,82.3863247863248,Neutral
5,@mrscowpie,7.216809116809117,8.284615384615384,84.4991452991453,Positive
6,@people4kam,11.894586894586892,6.363817663817662,81.74159544159541,Neutral
7,@jakejsullivan,15.85263157894737,13.057894736842105,71.09473684210528,Positive
8,@evergreenaction,16.057549857549855,4.147293447293446,79.79629629629632,Positive
9,@bidenswins,21.62934472934473,5.843874643874643,72.5273504273505,Positive
10,@zena1clark,3.431339031339031,1.6339031339031331,94.9336182336182,Neutral
11,@whitehouse,11.40940170940171,4.978347578347577,83.61424501424501,Neutral
12,@joebidenprdy2,6.821568627450981,9.357352941176472,83.82254901960786,Negative
13,@designationsix,6.417094017094016,6.96866096866097,86.6145299145299,Negative
14,@antonio,10.164957264957263,5.8686609686609685,83.96752136752137,Positive
15,@trumpmuseveni,13.467272727272727,3.581818181818181,82.95090909090906,Positive
16,@ggirl09r,25.057549857549855,4.762108262108262,70.18034188034184,Neutral
17,@joebiden,12.466666666666665,5.807977207977209,81.72250712250705,Neutral
18,@ericliptonnyt,7.527635327635324,7.292877492877485,85.18005698005706,Negative
19,@cobycovfefe,18.81623931623931,8.177492877492877,73.00598290598295,Negative
20,@americajust,6.493732193732194,5.277777777777778,88.22820512820516,Negative
21,@kurt_themayor,14.527350427350424,9.288319088319088,76.18376068376064,Neutral
22,up,18.084330484330494,1.8433048433048431,80.07122507122509,Positive
23,@potus,14.118518518518515,5.884900284900287,79.99487179487183,Positive
24,@nwinston,10.240170940170938,2.222507122507122,87.5376068376068,Neutral
25,@biden_will,17.05342960288808,10.93465703971119,72.01010830324911,Positive
26,@trumplola,11.423361823361821,6.452991452991456,82.12279202279197,Positive
27,@nabru72118710,15.897150997150991,6.270655270655269,77.83333333333333,Positive
28,@kentjuvenile,7.137321937321939,3.6754985754985743,89.18689458689461,Positive
29,@joebidenprdy,11.04273504273504,11.477777777777778,77.4794871794872,Neutral
30,@biden_nhl,15.252046783625728,6.653801169590644,78.09649122807014,Negative
31,@lzimmerman2019,9.50740740740741,8.684900284900293,81.80712250712246,Negative
32,@potusreply,23.03333333333333,5.5,71.46666666666667,Positive
33,@mikelawrence813,13.425356125356132,8.442735042735041,78.12991452991457,Negative
34,@whcovidresponse,7.397435897435899,1.415384615384615,91.1880341880342,Neutral
35,@rdsj0101,20.454700854700857,10.037606837606834,69.50826210826212,Neutral
36,@otherjoebiden,11.13903133903134,11.661823361823362,77.19800569800576,Neutral
37,@ncfarmer321,8.907977207977204,16.333048433048425,74.75868945868942,Negative
38,@dearpotus46,15.615384615384619,3.267521367521367,81.11709401709403,Neutral
39,@biden4pres,11.2960113960114,6.317663817663818,82.3863247863248,Neutral
40,@mrscowpie,7.216809116809117,8.284615384615384,84.4991452991453,Positive
41,@people4kam,11.894586894586892,6.363817663817662,81.74159544159541,Neutral
42,@jakejsullivan,15.85263157894737,13.057894736842105,71.09473684210528,Positive
43,@evergreenaction,16.057549857549855,4.147293447293446,79.79629629629632,Positive
44,@bidenswins,21.62934472934473,5.843874643874643,72.5273504273505,Positive
45,@zena1clark,3.431339031339031,1.6339031339031331,94.9336182336182,Neutral
46,@whitehouse,11.40940170940171,4.978347578347577,83.61424501424501,Neutral
47,@joebidenprdy2,6.821568627450981,9.357352941176472,83.82254901960786,Negative
48,@designationsix,6.417094017094016,6.96866096866097,86.6145299145299,Negative
49,@antonio,10.164957264957263,5.8686609686609685,83.96752136752137,Positive
50,@trumpmuseveni,13.467272727272727,3.581818181818181,82.95090909090906,Positive
51,@ggirl09r,25.057549857549855,4.762108262108262,70.18034188034184,Neutral
52,@joebiden,12.466666666666665,5.807977207977209,81.72250712250705,Neutral
53,@ericliptonnyt,7.527635327635324,7.292877492877485,85.18005698005706,Negative
54,@cobycovfefe,18.81623931623931,8.177492877492877,73.00598290598295,Negative
55,@americajust,6.493732193732194,5.277777777777778,88.22820512820516,Negative
56,@kurt_themayor,14.527350427350424,9.288319088319088,76.18376068376064,Neutral
57,up,18.084330484330494,1.8433048433048431,80.07122507122509,Positive
58,@potus,14.118518518518515,5.884900284900287,79.99487179487183,Positive
59,@nwinston,10.240170940170938,2.222507122507122,87.5376068376068,Neutral
60,@biden_will,17.05342960288808,10.93465703971119,72.01010830324911,Positive
61,@trumplola,11.423361823361821,6.452991452991456,82.12279202279197,Positive
62,@nabru72118710,15.897150997150991,6.270655270655269,77.83333333333333,Positive
63,@kentjuvenile,7.137321937321939,3.6754985754985743,89.18689458689461,Positive
64,@joebidenprdy,11.04273504273504,11.477777777777778,77.4794871794872,Neutral
65,@biden_nhl,15.252046783625728,6.653801169590644,78.09649122807014,Negative
66,@lzimmerman2019,9.50740740740741,8.684900284900293,81.80712250712246,Negative
67,@potusreply,23.03333333333333,5.5,71.46666666666667,Positive
68,@mikelawrence813,13.425356125356132,8.442735042735041,78.12991452991457,Negative
69,@whcovidresponse,7.397435897435899,1.415384615384615,91.1880341880342,Neutral
70,@rdsj0101,20.454700854700857,10.037606837606834,69.50826210826212,Neutral
71,@otherjoebiden,11.13903133903134,11.661823361823362,77.19800569800576,Neutral
72,@ncfarmer321,8.907977207977204,16.333048433048425,74.75868945868942,Negative
73,@dearpotus46,15.615384615384619,3.267521367521367,81.11709401709403,Neutral
74,@biden4pres,11.2960113960114,6.317663817663818,82.3863247863248,Neutral
75,@mrscowpie,7.216809116809117,8.284615384615384,84.4991452991453,Positive
76,@people4kam,11.894586894586892,6.363817663817662,81.74159544159541,Neutral
77,@jakejsullivan,15.85263157894737,13.057894736842105,71.09473684210528,Positive
78,@evergreenaction,16.057549857549855,4.147293447293446,79.79629629629632,Positive
79,@bidenswins,21.62934472934473,5.843874643874643,72.5273504273505,Positive
80,@zena1clark,3.431339031339031,1.6339031339031331,94.9336182336182,Neutral
81,@whitehouse,11.40940170940171,4.978347578347577,83.61424501424501,Neutral
82,@joebidenprdy2,6.821568627450981,9.357352941176472,83.82254901960786,Negative
83,@designationsix,6.417094017094016,6.96866096866097,86.6145299145299,Negative
84,@antonio,10.164957264957263,5.8686609686609685,83.96752136752137,Positive
85,@trumpmuseveni,13.467272727272727,3.581818181818181,82.95090909090906,Positive
86,@ggirl09r,25.057549857549855,4.762108262108262,70.18034188034184,Neutral
87,@joebiden,12.466666666666665,5.807977207977209,81.72250712250705,Neutral
88,@ericliptonnyt,7.527635327635324,7.292877492877485,85.18005698005706,Negative
89,@cobycovfefe,18.81623931623931,8.177492877492877,73.00598290598295,Negative
90,@americajust,6.493732193732194,5.277777777777778,88.22820512820516,Negative
91,@kurt_themayor,14.527350427350424,9.288319088319088,76.18376068376064,Neutral
92,up,18.084330484330494,1.8433048433048431,80.07122507122509,Positive
93,@potus,14.118518518518515,5.884900284900287,79.99487179487183,Positive
94,@nwinston,10.240170940170938,2.222507122507122,87.5376068376068,Neutral
95,@biden_will,17.05342960288808,10.93465703971119,72.01010830324911,Positive
96,@trumplola,11.423361823361821,6.452991452991456,82.12279202279197,Positive
97,@nabru72118710,15.897150997150991,6.270655270655269,77.83333333333333,Positive
98,@kentjuvenile,7.137321937321939,3.6754985754985743,89.18689458689461,Positive
99,@joebidenprdy,11.04273504273504,11.477777777777778,77.4794871794872,Neutral
100,@biden_nhl,15.252046783625728,6.653801169590644,78.09649122807014,Negative
101,@lzimmerman2019,9.50740740740741,8.684900284900293,81.80712250712246,Negative
102,@potusreply,23.03333333333333,5.5,71.46666666666667,Positive
103,@mikelawrence813,13.425356125356132,8.442735042735041,78.12991452991457,Negative
104,@whcovidresponse,7.397435897435899,1.415384615384615,91.1880341880342,Neutral
105,@rdsj0101,20.454700854700857,10.037606837606834,69.50826210826212,Neutral
106,@otherjoebiden,11.13903133903134,11.661823361823362,77.19800569800576,Neutral
107,@ncfarmer321,8.907977207977204,16.333048433048425,74.75868945868942,Negative
108,@dearpotus46,15.615384615384619,3.267521367521367,81.11709401709403,Neutral
109,@biden4pres,11.2960113960114,6.317663817663818,82.3863247863248,Neutral
110,@mrscowpie,7.216809116809117,8.284615384615384,84.4991452991453,Positive
111,@people4kam,11.894586894586892,6.363817663817662,81.74159544159541,Neutral
112,@jakejsullivan,15.85263157894737,13.057894736842105,71.09473684210528,Positive
113,@evergreenaction,16.057549857549855,4.147293447293446,79.79629629629632,Positive
114,@bidenswins,21.62934472934473,5.843874643874643,72.5273504273505,Positive
115,@zena1clark,3.431339031339031,1.6339031339031331,94.9336182336182,Neutral
116,@whitehouse,11.40940170940171,4.978347578347577,83.61424501424501,Neutral
117,@joebidenprdy2,6.821568627450981,9.357352941176472,83.82254901960786,Negative
118,@designationsix,6.417094017094016,6.96866096866097,86.6145299145299,Negative
119,@antonio,10.164957264957263,5.8686609686609685,83.96752136752137,Positive
120,@trumpmuseveni,13.467272727272727,3.581818181818181,82.95090909090906,Positive
121,@ggirl09r,25.057549857549855,4.762108262108262,70.18034188034184,Neutral
122,@joebiden,12.466666666666665,5.807977207977209,81.72250712250705,Neutral
123,@ericliptonnyt,7.527635327635324,7.292877492877485,85.18005698005706,Negative
124,@cobycovfefe,18.81623931623931,8.177492877492877,73.00598290598295,Negative
125,@americajust,6.493732193732194,5.277777777777778,88.22820512820516,Negative
126,@kurt_themayor,14.527350427350424,9.288319088319088,76.18376068376064,Neutral
127,up,18.084330484330494,1.8433048433048431,80.07122507122509,Positive
128,@potus,14.118518518518515,5.884900284900287,79.99487179487183,Positive
129,@nwinston,10.240170940170938,2.222507122507122,87.5376068376068,Neutral
130,@biden_will,17.05342960288808,10.93465703971119,72.01010830324911,Positive
131,@trumplola,11.423361823361821,6.452991452991456,82.12279202279197,Positive
132,@nabru72118710,15.897150997150991,6.270655270655269,77.83333333333333,Positive
133,@kentjuvenile,7.137321937321939,3.6754985754985743,89.18689458689461,Positive
134,@joebidenprdy,11.04273504273504,11.477777777777778,77.4794871794872,Neutral
135,@biden_nhl,15.252046783625728,6.653801169590644,78.09649122807014,Negative
136,@lzimmerman2019,9.50740740740741,8.684900284900293,81.80712250712246,Negative
137,@potusreply,23.03333333333333,5.5,71.46666666666667,Positive
138,@mikelawrence813,13.425356125356132,8.442735042735041,78.12991452991457,Negative
139,@whcovidresponse,7.397435897435899,1.415384615384615,91.1880341880342,Neutral
140,@rdsj0101,20.454700854700857,10.037606837606834,69.50826210826212,Neutral
141,@otherjoebiden,11.13903133903134,11.661823361823362,77.19800569800576,Neutral
142,@ncfarmer321,8.907977207977204,16.333048433048425,74.75868945868942,Negative
143,@dearpotus46,15.615384615384619,3.267521367521367,81.11709401709403,Neutral
144,@biden4pres,11.2960113960114,6.317663817663818,82.3863247863248,Neutral
145,@mrscowpie,7.216809116809117,8.284615384615384,84.4991452991453,Positive
146,@people4kam,11.894586894586892,6.363817663817662,81.74159544159541,Neutral
147,@jakejsullivan,15.85263157894737,13.057894736842105,71.09473684210528,Positive
148,@evergreenaction,16.057549857549855,4.147293447293446,79.79629629629632,Positive
149,@bidenswins,21.62934472934473,5.843874643874643,72.5273504273505,Positive
150,@zena1clark,3.431339031339031,1.6339031339031331,94.9336182336182,Neutral
151,@whitehouse,11.40940170940171,4.978347578347577,83.61424501424501,Neutral
152,@joebidenprdy2,6.821568627450981,9.357352941176472,83.82254901960786,Negative
153,@designationsix,6.417094017094016,6.96866096866097,86.6145299145299,Negative
154,@antonio,10.164957264957263,5.8686609686609685,83.96752136752137,Positive
155,@trumpmuseveni,13.467272727272727,3.581818181818181,82.95090909090906,Positive
156,@ggirl09r,25.057549857549855,4.762108262108262,70.18034188034184,Neutral
157,@joebiden,12.466666666666665,5.807977207977209,81.72250712250705,Neutral
158,@ericliptonnyt,7.527635327635324,7.292877492877485,85.18005698005706,Negative
159,@cobycovfefe,18.81623931623931,8.177492877492877,73.00598290598295,Negative
160,@americajust,6.493732193732194,5.277777777777778,88.22820512820516,Negative
161,@kurt_themayor,14.527350427350424,9.288319088319088,76.18376068376064,Neutral
162,up,18.084330484330494,1.8433048433048431,80.07122507122509,Positive
163,@potus,14.118518518518515,5.884900284900287,79.99487179487183,Positive
164,@nwinston,10.240170940170938,2.222507122507122,87.5376068376068,Neutral
165,@biden_will,17.05342960288808,10.93465703971119,72.01010830324911,Positive
166,@trumplola,11.423361823361821,6.452991452991456,82.12279202279197,Positive
167,@nabru72118710,15.897150997150991,6.270655270655269,77.83333333333333,Positive
168,@kentjuvenile,7.137321937321939,3.6754985754985743,89.18689458689461,Positive
169,@joebidenprdy,11.04273504273504,11.477777777777778,77.4794871794872,Neutral
170,@biden_nhl,15.252046783625728,6.653801169590644,78.09649122807014,Negative
171,@lzimmerman2019,9.50740740740741,8.684900284900293,81.80712250712246,Negative
172,@potusreply,23.03333333333333,5.5,71.46666666666667,Positive
173,@mikelawrence813,13.425356125356132,8.442735042735041,78.12991452991457,Negative
174,@whcovidresponse,7.397435897435899,1.415384615384615,91.1880341880342,Neutral
175,@rdsj0101,20.454700854700857,10.037606837606834,69.50826210826212,Neutral
176,@otherjoebiden,11.13903133903134,11.661823361823362,77.19800569800576,Neutral
177,@ncfarmer321,8.907977207977204,16.333048433048425,74.75868945868942,Negative
178,@dearpotus46,15.615384615384619,3.267521367521367,81.11709401709403,Neutral
179,@biden4pres,11.2960113960114,6.317663817663818,82.3863247863248,Neutral
180,@mrscowpie,7.216809116809117,8.284615384615384,84.4991452991453,Positive
181,@people4kam,11.894586894586892,6.363817663817662,81.74159544159541,Neutral
182,@jakejsullivan,15.85263157894737,13.057894736842105,71.09473684210528,Positive
183,@evergreenaction,16.057549857549855,4.147293447293446,79.79629629629632,Positive
184,@bidenswins,21.62934472934473,5.843874643874643,72.5273504273505,Positive
185,@zena1clark,3.431339031339031,1.6339031339031331,94.9336182336182,Neutral
186,@whitehouse,11.40940170940171,4.978347578347577,83.61424501424501,Neutral
187,@joebidenprdy2,6.821568627450981,9.357352941176472,83.82254901960786,Negative
188,@designationsix,6.417094017094016,6.96866096866097,86.6145299145299,Negative
189,@antonio,10.164957264957263,5.8686609686609685,83.96752136752137,Positive
190,@trumpmuseveni,13.467272727272727,3.581818181818181,82.95090909090906,Positive
191,@ggirl09r,25.057549857549855,4.762108262108262,70.18034188034184,Neutral
192,@joebiden,12.466666666666665,5.807977207977209,81.72250712250705,Neutral
193,@ericliptonnyt,7.527635327635324,7.292877492877485,85.18005698005706,Negative
194,@cobycovfefe,18.81623931623931,8.177492877492877,73.00598290598295,Negative
195,@americajust,6.493732193732194,5.277777777777778,88.22820512820516,Negative
196,@kurt_themayor,14.527350427350424,9.288319088319088,76.18376068376064,Neutral
197,up,18.084330484330494,1.8433048433048431,80.07122507122509,Positive
198,@potus,14.118518518518515,5.884900284900287,79.99487179487183,Positive
199,@nwinston,10.240170940170938,2.222507122507122,87.5376068376068,Neutral
200,@biden_will,17.05342960288808,10.93465703971119,72.01010830324911,Positive
201,@trumplola,11.423361823361821,6.452991452991456,82.12279202279197,Positive
202,@nabru72118710,15.897150997150991,6.270655270655269,77.83333333333333,Positive
203,@kentjuvenile,7.137321937321939,3.6754985754985743,89.18689458689461,Positive
204,@joebidenprdy,11.04273504273504,11.477777777777778,77.4794871794872,Neutral
205,@biden_nhl,15.252046783625728,6.653801169590644,78.09649122807014,Negative
206,@lzimmerman2019,9.50740740740741,8.684900284900293,81.80712250712246,Negative
207,@potusreply,23.03333333333333,5.5,71.46666666666667,Positive
208,@mikelawrence813,13.425356125356132,8.442735042735041,78.12991452991457,Negative
209,@whcovidresponse,7.397435897435899,1.415384615384615,91.1880341880342,Neutral
210,@rdsj0101,20.454700854700857,10.037606837606834,69.50826210826212,Neutral
211,@otherjoebiden,11.13903133903134,11.661823361823362,77.19800569800576,Neutral
212,@ncfarmer321,8.907977207977204,16.333048433048425,74.75868945868942,Negative
213,@dearpotus46,15.615384615384619,3.267521367521367,81.11709401709403,Neutral
214,@biden4pres,11.2960113960114,6.317663817663818,82.3863247863248,Neutral
215,@mrscowpie,7.216809116809117,8.284615384615384,84.4991452991453,Positive
216,@people4kam,11.894586894586892,6.363817663817662,81.74159544159541,Neutral
217,@jakejsullivan,15.85263157894737,13.057894736842105,71.09473684210528,Positive
218,@evergreenaction,16.057549857549855,4.147293447293446,79.79629629629632,Positive
219,@bidenswins,21.62934472934473,5.843874643874643,72.5273504273505,Positive
220,@zena1clark,3.431339031339031,1.6339031339031331,94.9336182336182,Neutral
221,@whitehouse,11.40940170940171,4.978347578347577,83.61424501424501,Neutral
222,@joebidenprdy2,6.821568627450981,9.357352941176472,83.82254901960786,Negative
223,@designationsix,6.417094017094016,6.96866096866097,86.6145299145299,Negative
224,@antonio,10.164957264957263,5.8686609686609685,83.96752136752137,Positive
225,@trumpmuseveni,13.467272727272727,3.581818181818181,82.95090909090906,Positive
226,@ggirl09r,25.057549857549855,4.762108262108262,70.18034188034184,Neutral
227,@joebiden,12.466666666666665,5.807977207977209,81.72250712250705,Neutral
228,@ericliptonnyt,7.527635327635324,7.292877492877485,85.18005698005706,Negative
229,@cobycovfefe,18.81623931623931,8.177492877492877,73.00598290598295,Negative
230,@americajust,6.493732193732194,5.277777777777778,88.22820512820516,Negative
231,@kurt_themayor,14.527350427350424,9.288319088319088,76.18376068376064,Neutral
232,up,18.084330484330494,1.8433048433048431,80.07122507122509,Positive
233,@potus,14.118518518518515,5.884900284900287,79.99487179487183,Positive
234,@nwinston,10.240170940170938,2.222507122507122,87.5376068376068,Neutral
235,@biden_will,17.05342960288808,10.93465703971119,72.01010830324911,Positive
236,@trumplola,11.423361823361821,6.452991452991456,82.12279202279197,Positive
237,@nabru72118710,15.897150997150991,6.270655270655269,77.83333333333333,Positive
238,@kentjuvenile,7.137321937321939,3.6754985754985743,89.18689458689461,Positive
239,@joebidenprdy,11.04273504273504,11.477777777777778,77.4794871794872,Neutral
240,@biden_nhl,15.252046783625728,6.653801169590644,78.09649122807014,Negative
241,@lzimmerman2019,9.50740740740741,8.684900284900293,81.80712250712246,Negative
242,@potusreply,23.03333333333333,5.5,71.46666666666667,Positive
243,@mikelawrence813,13.425356125356132,8.442735042735041,78.12991452991457,Negative
244,@whcovidresponse,7.397435897435899,1.415384615384615,91.1880341880342,Neutral
245,@rdsj0101,20.454700854700857,10.037606837606834,69.50826210826212,Neutral
246,@otherjoebiden,11.13903133903134,11.661823361823362,77.19800569800576,Neutral
247,@ncfarmer321,8.907977207977204,16.333048433048425,74.75868945868942,Negative
248,@dearpotus46,15.615384615384619,3.267521367521367,81.11709401709403,Neutral
249,@biden4pres,11.2960113960114,6.317663817663818,82.3863247863248,Neutral
250,@mrscowpie,7.216809116809117,8.284615384615384,84.4991452991453,Positive
251,@people4kam,11.894586894586892,6.363817663817662,81.74159544159541,Neutral
252,@jakejsullivan,15.85263157894737,13.057894736842105,71.09473684210528,Positive
253,@evergreenaction,16.057549857549855,4.147293447293446,79.79629629629632,Positive
254,@bidenswins,21.62934472934473,5.843874643874643,72.5273504273505,Positive
255,@zena1clark,3.431339031339031,1.6339031339031331,94.9336182336182,Neutral
256,@whitehouse,11.40940170940171,4.978347578347577,83.61424501424501,Neutral
257,@joebidenprdy2,6.821568627450981,9.357352941176472,83.82254901960786,Negative
258,@designationsix,6.417094017094016,6.96866096866097,86.6145299145299,Negative
259,@antonio,10.164957264957263,5.8686609686609685,83.96752136752137,Positive
260,@trumpmuseveni,13.467272727272727,3.581818181818181,82.95090909090906,Positive
261,@ggirl09r,25.057549857549855,4.762108262108262,70.18034188034184,Neutral
262,@joebiden,12.466666666666665,5.807977207977209,81.72250712250705,Neutral
263,@ericliptonnyt,7.527635327635324,7.292877492877485,85.18005698005706,Negative
264,@cobycovfefe,18.81623931623931,8.177492877492877,73.00598290598295,Negative
265,@americajust,6.493732193732194,5.277777777777778,88.22820512820516,Negative
266,@kurt_themayor,14.527350427350424,9.288319088319088,76.18376068376064,Neutral
267,up,18.084330484330494,1.8433048433048431,80.07122507122509,Positive
268,@potus,14.118518518518515,5.884900284900287,79.99487179487183,Positive
269,@nwinston,10.240170940170938,2.222507122507122,87.5376068376068,Neutral
270,@biden_will,17.05342960288808,10.93465703971119,72.01010830324911,Positive
271,@trumplola,11.423361823361821,6.452991452991456,82.12279202279197,Positive
272,@nabru72118710,15.897150997150991,6.270655270655269,77.83333333333333,Positive
273,@kentjuvenile,7.137321937321939,3.6754985754985743,89.18689458689461,Positive
274,@joebidenprdy,11.04273504273504,11.477777777777778,77.4794871794872,Neutral
275,@biden_nhl,15.252046783625728,6.653801169590644,78.09649122807014,Negative
276,@lzimmerman2019,9.50740740740741,8.684900284900293,81.80712250712246,Negative
277,@potusreply,23.03333333333333,5.5,71.46666666666667,Positive
278,@mikelawrence813,13.425356125356132,8.442735042735041,78.12991452991457,Negative
279,@whcovidresponse,7.397435897435899,1.415384615384615,91.1880341880342,Neutral
280,@rdsj0101,20.454700854700857,10.037606837606834,69.50826210826212,Neutral
281,@otherjoebiden,11.13903133903134,11.661823361823362,77.19800569800576,Neutral
282,@ncfarmer321,8.907977207977204,16.333048433048425,74.75868945868942,Negative
283,@dearpotus46,15.615384615384619,3.267521367521367,81.11709401709403,Neutral
284,@biden4pres,11.2960113960114,6.317663817663818,82.3863247863248,Neutral
285,@mrscowpie,7.216809116809117,8.284615384615384,84.4991452991453,Positive
286,@people4kam,11.894586894586892,6.363817663817662,81.74159544159541,Neutral
287,@jakejsullivan,15.85263157894737,13.057894736842105,71.09473684210528,Positive
288,@evergreenaction,16.057549857549855,4.147293447293446,79.79629629629632,Positive
289,@bidenswins,21.62934472934473,5.843874643874643,72.5273504273505,Positive
290,@zena1clark,3.431339031339031,1.6339031339031331,94.9336182336182,Neutral
291,@whitehouse,11.40940170940171,4.978347578347577,83.61424501424501,Neutral
292,@joebidenprdy2,6.821568627450981,9.357352941176472,83.82254901960786,Negative
293,@designationsix,6.417094017094016,6.96866096866097,86.6145299145299,Negative
294,@antonio,10.164957264957263,5.8686609686609685,83.96752136752137,Positive
295,@trumpmuseveni,13.467272727272727,3.581818181818181,82.95090909090906,Positive
296,@ggirl09r,25.057549857549855,4.762108262108262,70.18034188034184,Neutral
297,@joebiden,12.466666666666665,5.807977207977209,81.72250712250705,Neutral
298,@ericliptonnyt,7.527635327635324,7.292877492877485,85.18005698005706,Negative
299,@cobycovfefe,18.81623931623931,8.177492877492877,73.00598290598295,Negative
300,@americajust,6.493732193732194,5.277777777777778,88.22820512820516,Negative
301,@kurt_themayor,14.527350427350424,9.288319088319088,76.18376068376064,Neutral
302,up,18.084330484330494,1.8433048433048431,80.07122507122509,Positive
303,@potus,14.118518518518515,5.884900284900287,79.99487179487183,Positive
304,@nwinston,10.240170940170938,2.222507122507122,87.5376068376068,Neutral
305,@biden_will,17.05342960288808,10.93465703971119,72.01010830324911,Positive
306,@trumplola,11.423361823361821,6.452991452991456,82.12279202279197,Positive
307,@nabru72118710,15.897150997150991,6.270655270655269,77.83333333333333,Positive
308,@kentjuvenile,7.137321937321939,3.6754985754985743,89.18689458689461,Positive
309,@joebidenprdy,11.04273504273504,11.477777777777778,77.4794871794872,Neutral
310,@biden_nhl,15.252046783625728,6.653801169590644,78.09649122807014,Negative
311,@lzimmerman2019,9.50740740740741,8.684900284900293,81.80712250712246,Negative
312,@potusreply,23.03333333333333,5.5,71.46666666666667,Positive
313,@mikelawrence813,13.425356125356132,8.442735042735041,78.12991452991457,Negative
314,@whcovidresponse,7.397435897435899,1.415384615384615,91.1880341880342,Neutral
315,@rdsj0101,20.454700854700857,10.037606837606834,69.50826210826212,Neutral
316,@otherjoebiden,11.13903133903134,11.661823361823362,77.19800569800576,Neutral
317,@ncfarmer321,8.907977207977204,16.333048433048425,74.75868945868942,Negative
318,@dearpotus46,15.615384615384619,3.267521367521367,81.11709401709403,Neutral
319,@biden4pres,11.2960113960114,6.317663817663818,82.3863247863248,Neutral
320,@mrscowpie,7.216809116809117,8.284615384615384,84.4991452991453,Positive
321,@people4kam,11.894586894586892,6.363817663817662,81.74159544159541,Neutral
322,@jakejsullivan,15.85263157894737,13.057894736842105,71.09473684210528,Positive
323,@evergreenaction,16.057549857549855,4.147293447293446,79.79629629629632,Positive
324,@bidenswins,21.62934472934473,5.843874643874643,72.5273504273505,Positive
325,@zena1clark,3.431339031339031,1.6339031339031331,94.9336182336182,Neutral
326,@whitehouse,11.40940170940171,4.978347578347577,83.61424501424501,Neutral
327,@joebidenprdy2,6.821568627450981,9.357352941176472,83.82254901960786,Negative
328,@designationsix,6.417094017094016,6.96866096866097,86.6145299145299,Negative
329,@antonio,10.164957264957263,5.8686609686609685,83.96752136752137,Positive
330,@trumpmuseveni,13.467272727272727,3.581818181818181,82.95090909090906,Positive
331,@ggirl09r,25.057549857549855,4.762108262108262,70.18034188034184,Neutral
332,@joebiden,12.466666666666665,5.807977207977209,81.72250712250705,Neutral
333,@ericliptonnyt,7.527635327635324,7.292877492877485,85.18005698005706,Negative
334,@cobycovfefe,18.81623931623931,8.177492877492877,73.00598290598295,Negative
335,@americajust,6.493732193732194,5.277777777777778,88.22820512820516,Negative
336,@kurt_themayor,14.527350427350424,9.288319088319088,76.18376068376064,Neutral
337,up,18.084330484330494,1.8433048433048431,80.07122507122509,Positive
338,@potus,14.118518518518515,5.884900284900287,79.99487179487183,Positive
339,@nwinston,10.240170940170938,2.222507122507122,87.5376068376068,Neutral
340,@biden_will,17.05342960288808,10.93465703971119,72.01010830324911,Positive
341,@trumplola,11.423361823361821,6.452991452991456,82.12279202279197,Positive
342,@nabru72118710,15.897150997150991,6.270655270655269,77.83333333333333,Positive
343,@kentjuvenile,7.137321937321939,3.6754985754985743,89.18689458689461,Positive
344,@joebidenprdy,11.04273504273504,11.477777777777778,77.4794871794872,Neutral
345,@biden_nhl,15.252046783625728,6.653801169590644,78.09649122807014,Negative
346,@lzimmerman2019,9.50740740740741,8.684900284900293,81.80712250712246,Negative
347,@potusreply,23.03333333333333,5.5,71.46666666666667,Positive
348,@mikelawrence813,13.425356125356132,8.442735042735041,78.12991452991457,Negative
349,@whcovidresponse,7.397435897435899,1.415384615384615,91.1880341880342,Neutral
350,@rdsj0101,20.454700854700857,10.037606837606834,69.50826210826212,Neutral
351,@otherjoebiden,11.13903133903134,11.661823361823362,77.19800569800576,Neutral
352,@ncfarmer321,8.907977207977204,16.333048433048425,74.75868945868942,Negative
353,@dearpotus46,15.615384615384619,3.267521367521367,81.11709401709403,Neutral
354,@biden4pres,11.2960113960114,6.317663817663818,82.3863247863248,Neutral
355,@mrscowpie,7.216809116809117,8.284615384615384,84.4991452991453,Positive
356,@people4kam,11.894586894586892,6.363817663817662,81.74159544159541,Neutral
357,@jakejsullivan,15.85263157894737,13.057894736842105,71.09473684210528,Positive
358,@evergreenaction,16.057549857549855,4.147293447293446,79.79629629629632,Positive
359,@bidenswins,21.62934472934473,5.843874643874643,72.5273504273505,Positive
360,@zena1clark,3.431339031339031,1.6339031339031331,94.9336182336182,Neutral
361,@whitehouse,11.40940170940171,4.978347578347577,83.61424501424501,Neutral
362,@joebidenprdy2,6.821568627450981,9.357352941176472,83.82254901960786,Negative
363,@designationsix,6.417094017094016,6.96866096866097,86.6145299145299,Negative
364,@antonio,10.164957264957263,5.8686609686609685,83.96752136752137,Positive
365,@trumpmuseveni,13.467272727272727,3.581818181818181,82.95090909090906,Positive
366,@ggirl09r,25.057549857549855,4.762108262108262,70.18034188034184,Neutral
367,@joebiden,12.466666666666665,5.807977207977209,81.72250712250705,Neutral
368,@ericliptonnyt,7.527635327635324,7.292877492877485,85.18005698005706,Negative
369,@cobycovfefe,18.81623931623931,8.177492877492877,73.00598290598295,Negative
370,@americajust,6.493732193732194,5.277777777777778,88.22820512820516,Negative
371,@kurt_themayor,14.527350427350424,9.288319088319088,76.18376068376064,Neutral
372,up,18.084330484330494,1.8433048433048431,80.07122507122509,Positive
373,@potus,14.118518518518515,5.884900284900287,79.99487179487183,Positive
374,@nwinston,10.240170940170938,2.222507122507122,87.5376068376068,Neutral
375,@biden_will,17.05342960288808,10.93465703971119,72.01010830324911,Positive
376,@trumplola,11.423361823361821,6.452991452991456,82.12279202279197,Positive
377,@nabru72118710,15.897150997150991,6.270655270655269,77.83333333333333,Positive
378,@kentjuvenile,7.137321937321939,3.6754985754985743,89.18689458689461,Positive
379,@joebidenprdy,11.04273504273504,11.477777777777778,77.4794871794872,Neutral
380,@biden_nhl,15.252046783625728,6.653801169590644,78.09649122807014,Negative
381,@lzimmerman2019,9.50740740740741,8.684900284900293,81.80712250712246,Negative
382,@potusreply,23.03333333333333,5.5,71.46666666666667,Positive
383,@mikelawrence813,13.425356125356132,8.442735042735041,78.12991452991457,Negative
384,@whcovidresponse,7.397435897435899,1.415384615384615,91.1880341880342,Neutral
385,@rdsj0101,20.454700854700857,10.037606837606834,69.50826210826212,Neutral
386,@otherjoebiden,11.13903133903134,11.661823361823362,77.19800569800576,Neutral
387,@ncfarmer321,8.907977207977204,16.333048433048425,74.75868945868942,Negative
388,@dearpotus46,15.615384615384619,3.267521367521367,81.11709401709403,Neutral
389,@biden4pres,11.2960113960114,6.317663817663818,82.3863247863248,Neutral
390,@mrscowpie,7.216809116809117,8.284615384615384,84.4991452991453,Positive
391,@people4kam,11.894586894586892,6.363817663817662,81.74159544159541,Neutral
392,@jakejsullivan,15.85263157894737,13.057894736842105,71.09473684210528,Positive
393,@evergreenaction,16.057549857549855,4.147293447293446,79.79629629629632,Positive
394,@bidenswins,21.62934472934473,5.843874643874643,72.5273504273505,Positive
395,@zena1clark,3.431339031339031,1.6339031339031331,94.9336182336182,Neutral
396,@whitehouse,11.40940170940171,4.978347578347577,83.61424501424501,Neutral
397,@joebidenprdy2,6.821568627450981,9.357352941176472,83.82254901960786,Negative
398,@designationsix,6.417094017094016,6.96866096866097,86.6145299145299,Negative
399,@antonio,10.164957264957263,5.8686609686609685,83.96752136752137,Positive
400,@trumpmuseveni,13.467272727272727,3.581818181818181,82.95090909090906,Positive
401,@ggirl09r,25.057549857549855,4.762108262108262,70.18034188034184,Neutral
402,@joebiden,12.466666666666665,5.807977207977209,81.72250712250705,Neutral
403,@ericliptonnyt,7.527635327635324,7.292877492877485,85.18005698005706,Negative
404,@cobycovfefe,18.81623931623931,8.177492877492877,73.00598290598295,Negative
405,@americajust,6.493732193732194,5.277777777777778,88.22820512820516,Negative
406,@kurt_themayor,14.527350427350424,9.288319088319088,76.18376068376064,Neutral
407,up,18.084330484330494,1.8433048433048431,80.07122507122509,Positive
408,@potus,14.118518518518515,5.884900284900287,79.99487179487183,Positive
409,@nwinston,10.240170940170938,2.222507122507122,87.5376068376068,Neutral
410,@biden_will,17.05342960288808,10.93465703971119,72.01010830324911,Positive
411,@trumplola,11.423361823361821,6.452991452991456,82.12279202279197,Positive
412,@nabru72118710,15.897150997150991,6.270655270655269,77.83333333333333,Positive
413,@kentjuvenile,7.137321937321939,3.6754985754985743,89.18689458689461,Positive
414,@joebidenprdy,11.04273504273504,11.477777777777778,77.4794871794872,Neutral
415,@biden_nhl,15.252046783625728,6.653801169590644,78.09649122807014,Negative
416,@lzimmerman2019,9.50740740740741,8.684900284900293,81.80712250712246,Negative
417,@potusreply,23.03333333333333,5.5,71.46666666666667,Positive
418,@mikelawrence813,13.425356125356132,8.442735042735041,78.12991452991457,Negative
419,@whcovidresponse,7.397435897435899,1.415384615384615,91.1880341880342,Neutral
420,@rdsj0101,20.454700854700857,10.037606837606834,69.50826210826212,Neutral
421,@otherjoebiden,11.13903133903134,11.661823361823362,77.19800569800576,Neutral
422,@ncfarmer321,8.907977207977204,16.333048433048425,74.75868945868942,Negative
423,@dearpotus46,15.615384615384619,3.267521367521367,81.11709401709403,Neutral
424,@biden4pres,11.2960113960114,6.317663817663818,82.3863247863248,Neutral
425,@mrscowpie,7.216809116809117,8.284615384615384,84.4991452991453,Positive
426,@people4kam,11.894586894586892,6.363817663817662,81.74159544159541,Neutral
427,@jakejsullivan,15.85263157894737,13.057894736842105,71.09473684210528,Positive
428,@evergreenaction,16.057549857549855,4.147293447293446,79.79629629629632,Positive
429,@bidenswins,21.62934472934473,5.843874643874643,72.5273504273505,Positive
430,@zena1clark,3.431339031339031,1.6339031339031331,94.9336182336182,Neutral
431,@whitehouse,11.40940170940171,4.978347578347577,83.61424501424501,Neutral
432,@joebidenprdy2,6.821568627450981,9.357352941176472,83.82254901960786,Negative
433,@designationsix,6.417094017094016,6.96866096866097,86.6145299145299,Negative
434,@antonio,10.164957264957263,5.8686609686609685,83.96752136752137,Positive
435,@trumpmuseveni,13.467272727272727,3.581818181818181,82.95090909090906,Positive
436,@ggirl09r,25.057549857549855,4.762108262108262,70.18034188034184,Neutral
437,@joebiden,12.466666666666665,5.807977207977209,81.72250712250705,Neutral
438,@ericliptonnyt,7.527635327635324,7.292877492877485,85.18005698005706,Negative
439,@cobycovfefe,18.81623931623931,8.177492877492877,73.00598290598295,Negative
440,@americajust,6.493732193732194,5.277777777777778,88.22820512820516,Negative
441,@kurt_themayor,14.527350427350424,9.288319088319088,76.18376068376064,Neutral
442,up,18.084330484330494,1.8433048433048431,80.07122507122509,Positive
443,@potus,14.118518518518515,5.884900284900287,79.99487179487183,Positive
444,@nwinston,10.240170940170938,2.222507122507122,87.5376068376068,Neutral
445,@biden_will,17.05342960288808,10.93465703971119,72.01010830324911,Positive
446,@trumplola,11.423361823361821,6.452991452991456,82.12279202279197,Positive
447,@nabru72118710,15.897150997150991,6.270655270655269,77.83333333333333,Positive
448,@kentjuvenile,7.137321937321939,3.6754985754985743,89.18689458689461,Positive
449,@joebidenprdy,11.04273504273504,11.477777777777778,77.4794871794872,Neutral
450,@biden_nhl,15.252046783625728,6.653801169590644,78.09649122807014,Negative
451,@lzimmerman2019,9.50740740740741,8.684900284900293,81.80712250712246,Negative
452,@potusreply,23.03333333333333,5.5,71.46666666666667,Positive
453,@mikelawrence813,13.425356125356132,8.442735042735041,78.12991452991457,Negative
454,@whcovidresponse,7.397435897435899,1.415384615384615,91.1880341880342,Neutral
455,@rdsj0101,20.454700854700857,10.037606837606834,69.50826210826212,Neutral
456,@otherjoebiden,11.13903133903134,11.661823361823362,77.19800569800576,Neutral
457,@ncfarmer321,8.907977207977204,16.333048433048425,74.75868945868942,Negative
458,@dearpotus46,15.615384615384619,3.267521367521367,81.11709401709403,Neutral
459,@biden4pres,11.2960113960114,6.317663817663818,82.3863247863248,Neutral
460,@mrscowpie,7.216809116809117,8.284615384615384,84.4991452991453,Positive
461,@people4kam,11.894586894586892,6.363817663817662,81.74159544159541,Neutral
462,@jakejsullivan,15.85263157894737,13.057894736842105,71.09473684210528,Positive
463,@evergreenaction,16.057549857549855,4.147293447293446,79.79629629629632,Positive
464,@bidenswins,21.62934472934473,5.843874643874643,72.5273504273505,Positive
465,@zena1clark,3.431339031339031,1.6339031339031331,94.9336182336182,Neutral
466,@whitehouse,11.40940170940171,4.978347578347577,83.61424501424501,Neutral
467,@joebidenprdy2,6.821568627450981,9.357352941176472,83.82254901960786,Negative
468,@designationsix,6.417094017094016,6.96866096866097,86.6145299145299,Negative
469,@antonio,10.164957264957263,5.8686609686609685,83.96752136752137,Positive
470,@trumpmuseveni,13.467272727272727,3.581818181818181,82.95090909090906,Positive
471,@ggirl09r,25.057549857549855,4.762108262108262,70.18034188034184,Neutral
472,@joebiden,12.466666666666665,5.807977207977209,81.72250712250705,Neutral
473,@ericliptonnyt,7.527635327635324,7.292877492877485,85.18005698005706,Negative
474,@cobycovfefe,18.81623931623931,8.177492877492877,73.00598290598295,Negative
475,@americajust,6.493732193732194,5.277777777777778,88.22820512820516,Negative
476,@kurt_themayor,14.527350427350424,9.288319088319088,76.18376068376064,Neutral
477,up,18.084330484330494,1.8433048433048431,80.07122507122509,Positive
478,@potus,14.118518518518515,5.884900284900287,79.99487179487183,Positive
479,@nwinston,10.240170940170938,2.222507122507122,87.5376068376068,Neutral
480,@biden_will,17.05342960288808,10.93465703971119,72.01010830324911,Positive
481,@trumplola,11.423361823361821,6.452991452991456,82.12279202279197,Positive
482,@nabru72118710,15.897150997150991,6.270655270655269,77.83333333333333,Positive
483,@kentjuvenile,7.137321937321939,3.6754985754985743,89.18689458689461,Positive
484,@joebidenprdy,11.04273504273504,11.477777777777778,77.4794871794872,Neutral
485,@biden_nhl,15.252046783625728,6.653801169590644,78.09649122807014,Negative
486,@lzimmerman2019,9.50740740740741,8.684900284900293,81.80712250712246,Negative
487,@potusreply,23.03333333333333,5.5,71.46666666666667,Positive
488,@mikelawrence813,13.425356125356132,8.442735042735041,78.12991452991457,Negative
489,@whcovidresponse,7.397435897435899,1.415384615384615,91.1880341880342,Neutral
490,@rdsj0101,20.454700854700857,10.037606837606834,69.50826210826212,Neutral
491,@otherjoebiden,11.13903133903134,11.661823361823362,77.19800569800576,Neutral
492,@ncfarmer321,8.907977207977204,16.333048433048425,74.75868945868942,Negative
493,@dearpotus46,15.615384615384619,3.267521367521367,81.11709401709403,Neutral
494,@biden4pres,11.2960113960114,6.317663817663818,82.3863247863248,Neutral
495,@mrscowpie,7.216809116809117,8.284615384615384,84.4991452991453,Positive
496,@people4kam,11.894586894586892,6.363817663817662,81.74159544159541,Neutral
497,@jakejsullivan,15.85263157894737,13.057894736842105,71.09473684210528,Positive
498,@evergreenaction,16.057549857549855,4.147293447293446,79.79629629629632,Positive
499,@bidenswins,21.62934472934473,5.843874643874643,72.5273504273505,Positive
500,@zena1clark,3.431339031339031,1.6339031339031331,94.9336182336182,Neutral
501,@whitehouse,11.40940170940171,4.978347578347577,83.61424501424501,Neutral
502,@joebidenprdy2,6.821568627450981,9.357352941176472,83.82254901960786,Negative
503,@designationsix,6.417094017094016,6.96866096866097,86.6145299145299,Negative
504,@antonio,10.164957264957263,5.8686609686609685,83.96752136752137,Positive
505,@trumpmuseveni,13.467272727272727,3.581818181818181,82.95090909090906,Positive
506,@ggirl09r,25.057549857549855,4.762108262108262,70.18034188034184,Neutral
507,@joebiden,12.466666666666665,5.807977207977209,81.72250712250705,Neutral
508,@ericliptonnyt,7.527635327635324,7.292877492877485,85.18005698005706,Negative
509,@cobycovfefe,18.81623931623931,8.177492877492877,73.00598290598295,Negative
510,@americajust,6.493732193732194,5.277777777777778,88.22820512820516,Negative
511,@kurt_themayor,14.527350427350424,9.288319088319088,76.18376068376064,Neutral
512,up,18.084330484330494,1.8433048433048431,80.07122507122509,Positive
513,@potus,14.118518518518515,5.884900284900287,79.99487179487183,Positive
514,@nwinston,10.240170940170938,2.222507122507122,87.5376068376068,Neutral
515,@biden_will,17.05342960288808,10.93465703971119,72.01010830324911,Positive
516,@trumplola,11.423361823361821,6.452991452991456,82.12279202279197,Positive
517,@nabru72118710,15.897150997150991,6.270655270655269,77.83333333333333,Positive
518,@kentjuvenile,7.137321937321939,3.6754985754985743,89.18689458689461,Positive
519,@joebidenprdy,11.04273504273504,11.477777777777778,77.4794871794872,Neutral
520,@biden_nhl,15.252046783625728,6.653801169590644,78.09649122807014,Negative
521,@lzimmerman2019,9.50740740740741,8.684900284900293,81.80712250712246,Negative
522,@potusreply,23.03333333333333,5.5,71.46666666666667,Positive
523,@mikelawrence813,13.425356125356132,8.442735042735041,78.12991452991457,Negative
524,@whcovidresponse,7.397435897435899,1.415384615384615,91.1880341880342,Neutral
525,@rdsj0101,20.454700854700857,10.037606837606834,69.50826210826212,Neutral
526,@otherjoebiden,0.0,39.800000000000004,60.199999999999996,Negative
527,@otherjoebiden,11.715384615384622,11.735612535612535,76.5481481481482,Neutral
528,@ncfarmer321,11.278062678062675,15.920512820512812,72.80113960113957,Negative
529,@dearpotus46,15.783760683760686,3.260683760683761,80.95555555555556,Positive
530,@biden4pres,11.2960113960114,6.317663817663818,82.3863247863248,Neutral
531,@mrscowpie,9.674358974358974,8.913105413105413,81.41196581196583,Positive
532,@people4kam,11.854985754985751,6.363817663817662,81.78119658119655,Neutral
533,@jakejsullivan,15.85263157894737,13.057894736842105,71.09473684210528,Positive
534,@evergreenaction,15.974928774928772,4.095156695156695,79.93076923076926,Positive
535,@bidenswins,22.964672364672364,5.725356125356122,71.30911680911684,Positive
536,@zena1clark,6.069800569800571,1.525071225071224,92.40455840455837,Neutral
537,@whitehouse,11.405128205128205,4.976353276353276,83.62051282051283,Neutral
538,@joebidenprdy2,11.78823529411765,9.410784313725495,78.8019607843137,Negative
539,@designationsix,8.962393162393164,6.9638176638176645,84.07350427350426,Negative
540,@antonio,10.723646723646716,6.503988603988603,82.77407407407406,Positive
541,@trumpmuseveni,13.943636363636363,3.581818181818181,82.47454545454544,Positive
542,@ggirl09r,31.74387464387463,4.872934472934473,63.38319088319084,Neutral
543,@joebiden,12.46182336182336,5.805698005698007,81.72962962962956,Neutral
544,@ericliptonnyt,7.527635327635324,7.292877492877485,85.18005698005706,Negative
545,@cobycovfefe,18.81623931623931,8.177492877492877,73.00598290598295,Negative
546,@americajust,8.011680911680914,10.343589743589744,81.64415954415958,Negative
547,@kurt_themayor,16.910541310541305,9.76039886039886,73.32849002848997,Positive
548,up,32.614529914529925,7.066381766381766,60.31965811965813,Positive
549,@potus,14.118518518518515,5.884900284900287,79.99487179487183,Positive
550,@nwinston,20.889743589743567,8.966951566951572,70.1418803418803,Neutral
551,@biden_will,17.6870036101083,10.78519855595668,71.52635379061371,Positive
552,@trumplola,13.822792022792024,6.374643874643877,79.80256410256406,Positive
553,@nabru72118710,18.599999999999994,7.143874643874644,74.25726495726495,Positive
554,@kentjuvenile,12.719088319088316,8.385470085470084,78.89686609686609,Positive
555,@joebidenprdy,12.613960113960117,12.274074074074075,75.11168091168093,Neutral
556,@biden_nhl,15.252046783625728,6.653801169590644,78.09649122807014,Negative
557,@lzimmerman2019,11.641880341880347,9.23931623931625,79.11823361823355,Negative
558,@potusreply,25.866666666666664,5.5,68.63333333333334,Positive
559,@mikelawrence813,13.680341880341883,8.541310541310537,77.77635327635332,Negative
560,@whcovidresponse,7.395156695156696,1.415384615384615,91.1903133903134,Neutral
561,@rdsj0101,21.809971509971515,10.020512820512819,68.17008547008547,Neutral
562,@otherjoebiden,11.685803237858043,11.647447073474469,76.66612702366133,Negative
563,@ncfarmer321,11.225778331257779,15.784682440846815,72.9896637608966,Positive
564,@dearpotus46,15.786268656716425,3.274328358208954,80.93940298507468,Positive
565,@biden4pres,11.334744707347447,6.216313823163139,82.44906600249065,Neutral
566,@mrscowpie,9.98650442477876,9.727212389380535,80.28650442477874,Positive
567,@people4kam,12.350442477876104,6.086283185840705,81.5630530973451,Positive
568,@jakejsullivan,15.85263157894737,13.057894736842105,71.09473684210526,Positive
569,@evergreenaction,16.796460176991157,3.815486725663716,79.3887168141593,Positive
570,@bidenswins,23.56305309734514,5.543805309734513,70.89269911504424,Negative
571,@zena1clark,6.225221238938052,1.3672566371681412,92.40707964601773,Neutral
572,@whitehouse,11.957743362831854,4.811061946902653,83.23407079646022,Positive
573,@joebidenprdy2,11.106557377049185,9.209836065573777,79.6845901639344,Positive
574,@designationsix,9.16216814159292,7.043805309734513,83.79380530973448,Neutral
575,@antonio,10.46482300884955,6.410176991150446,83.12743362831863,Neutral
576,@trumpmuseveni,13.943636363636363,3.581818181818182,82.47454545454546,Positive
577,@ggirl09r,33.680973451327425,4.658185840707965,61.66061946902651,Positive
578,@joebiden,12.433407079646013,6.059070796460179,81.50464601769903,Positive
579,@ericliptonnyt,7.65287610619469,7.094026548672561,85.25376106194695,Positive
580,@cobycovfefe,19.901327433628303,8.03340707964602,72.06526548672565,Positive
581,@americajust,7.6619469026548686,9.80287610619469,82.53429203539828,Positive
582,@kurt_themayor,15.932964601769909,11.074115044247783,72.9926991150442,Neutral
583,up,32.12212389380531,6.6278761061946945,61.25088495575218,Negative
584,@potus,14.008628318584053,5.875884955752214,80.11305309734514,Positive
585,@nwinston,19.937831858407076,8.575221238938061,71.4856194690265,Positive
586,@biden_will,16.45846560846561,11.534126984126981,72.00608465608471,Negative
587,@trumplola,13.7174778761062,6.413716814159296,79.8692477876106,Positive
588,@nabru72118710,18.98274336283186,7.118141592920355,73.89999999999999,Positive
589,@kentjuvenile,13.00641592920353,8.506858407079648,78.48783185840703,Negative
590,@joebidenprdy,13.051106194690268,11.669469026548677,75.27920353982303,Positive
591,@biden_nhl,15.165073529411764,6.434926470588234,78.40257352941174,Positive
592,@lzimmerman2019,11.75154867256638,9.665929203539836,78.58230088495569,Negative
593,@potusreply,25.866666666666664,5.5,68.63333333333333,Positive
594,@mikelawrence813,14.27079646017699,8.344690265486726,77.38252212389382,Positive
595,@whcovidresponse,7.237168141592921,1.364601769911504,91.39933628318587,Positive
596,@rdsj0101,22.319247787610625,9.418805309734514,68.26261061946902,Negative
597,@chahat_fateh,17.448514851485154,1.008910891089109,81.5435643564357,Neutral
598,@chaahat_fateh,1.9500000000000002,2.016666666666666,96.03333333333335,Neutral
599,@chahatfateh3,0.0,0.0,100.0,Neutral
600,@hareemshahpk,4.3764705882352954,47.52941176470589,48.09411764705881,Neutral
601,@minha978,9.037623762376237,3.843564356435643,87.11881188118812,Neutral
602,@chahatfateh,10.9746835443038,0.444303797468354,88.58101265822783,Positive
603,@chahatfateh_,31.8,0.0,68.2,Positive
604,@officialdgispr,16.381188118811885,7.824752475247523,75.79900990099009,Positive
605,@nayapak03142532,11.9980198019802,2.480198019801979,85.52178217821783,Neutral
606,@iamdgispr,5.155445544554456,1.062376237623762,93.78217821782178,Neutral
607,@officaildgispr,13.674999999999997,13.2625,73.07499999999999,Negative
608,@oficialdgispr,0.0,0.0,100.0,Neutral
609,@_dgispr,10.996103896103898,6.301298701298701,82.6974025974026,Positive
610,@officialdgispr,16.381188118811885,7.824752475247523,75.79900990099009,Positive
611,@nayapak03142532,11.9980198019802,2.480198019801979,85.52178217821783,Neutral
612,@iamdgispr,5.155445544554456,1.062376237623762,93.78217821782178,Neutral
613,@officaildgispr,13.674999999999997,13.2625,73.07499999999999,Negative
614,@oficialdgispr,0.0,0.0,100.0,Neutral
615,@_dgispr,10.996103896103898,6.301298701298701,82.6974025974026,Positive
616,@officialdgispr,16.381188118811885,7.824752475247523,75.79900990099009,Positive
617,@nayapak03142532,11.9980198019802,2.480198019801979,85.52178217821783,Neutral
618,@iamdgispr,5.155445544554456,1.062376237623762,93.78217821782178,Neutral
619,@officaildgispr,13.674999999999997,13.2625,73.07499999999999,Negative
620,@oficialdgispr,0.0,0.0,100.0,Neutral
621,@_dgispr,10.996103896103898,6.301298701298701,82.6974025974026,Positive
622,@officialdgispr,16.381188118811885,7.824752475247523,75.79900990099009,Positive
623,@nayapak03142532,11.9980198019802,2.480198019801979,85.52178217821783,Neutral
624,@iamdgispr,5.155445544554456,1.062376237623762,93.78217821782178,Neutral
625,@officaildgispr,13.674999999999997,13.2625,73.07499999999999,Negative
626,@oficialdgispr,0.0,0.0,100.0,Neutral
627,@_dgispr,10.996103896103898,6.301298701298701,82.6974025974026,Positive
628,@officialdgispr,16.381188118811885,7.824752475247523,75.79900990099009,Positive
629,@nayapak03142532,11.9980198019802,2.480198019801979,85.52178217821783,Neutral
630,@iamdgispr,5.155445544554456,1.062376237623762,93.78217821782178,Neutral
631,@officaildgispr,13.674999999999997,13.2625,73.07499999999999,Negative
632,@oficialdgispr,0.0,0.0,100.0,Neutral
633,@_dgispr,10.996103896103898,6.301298701298701,82.6974025974026,Positive
634,@officialdgispr,16.381188118811885,7.824752475247523,75.79900990099009,Positive
635,@nayapak03142532,11.9980198019802,2.480198019801979,85.52178217821783,Neutral
636,@iamdgispr,5.155445544554456,1.062376237623762,93.78217821782178,Neutral
637,@officaildgispr,13.674999999999997,13.2625,73.07499999999999,Negative
638,@oficialdgispr,0.0,0.0,100.0,Neutral
639,@_dgispr,10.996103896103898,6.301298701298701,82.6974025974026,Positive
640,@baberdg,NaN,NaN,NaN,NaN
641,@dgispr14,0.0,0.0,100.0,Neutral
642,@0ficialdgispr,0.0,0.0,100.0,Neutral
643,@dgispr7,NaN,NaN,NaN,NaN
644,@dgispr5,NaN,NaN,NaN,NaN
645,@dgispr11,NaN,NaN,NaN,NaN
646,@ispr__,1.6,1.9142857142857141,96.47142857142856,Neutral
647,@milongh48572337,20.03863636363636,4.351136363636364,75.60909090909091,Neutral
648,@dgispr_0fficial,7.294444444444445,6.894444444444444,85.8111111111111,Neutral
649,@hassang97599972,0.0,0.0,100.0,Neutral
650,@b_iftekharfan,7.2875,0.0,92.7125,Neutral
651,@dgispr8,2.74,15.4,81.85999999999999,Negative
652,@_dgispr,NaN,NaN,NaN,NaN
653,@dgispr14,NaN,NaN,NaN,NaN
654,@hassang97599972,NaN,NaN,NaN,NaN
655,@ispr__,NaN,NaN,NaN,NaN
656,@dgispr8,NaN,NaN,NaN,NaN
657,@dgispr_0fficial,NaN,NaN,NaN,NaN
658,@officaildgispr,NaN,NaN,NaN,NaN
659,@b_iftekharfan,NaN,NaN,NaN,NaN
660,@officialdgispr,NaN,NaN,NaN,NaN
661,@baberdg,NaN,NaN,NaN,NaN
662,@dgispr7,NaN,NaN,NaN,NaN
663,@oficialdgispr,NaN,NaN,NaN,NaN
664,@nayapak03142532,NaN,NaN,NaN,NaN
665,@0ficialdgispr,NaN,NaN,NaN,NaN
666,@iamdgispr,NaN,NaN,NaN,NaN
667,@milongh48572337,NaN,NaN,NaN,NaN
668,@dgispr5,NaN,NaN,NaN,NaN
669,@_dgispr,NaN,NaN,NaN,NaN
670,@dgispr14,NaN,NaN,NaN,NaN
671,@hassang97599972,NaN,NaN,NaN,NaN
672,@ispr__,NaN,NaN,NaN,NaN
673,@dgispr8,NaN,NaN,NaN,NaN
674,@dgispr_0fficial,NaN,NaN,NaN,NaN
675,@officaildgispr,NaN,NaN,NaN,NaN
676,@b_iftekharfan,NaN,NaN,NaN,NaN
677,@officialdgispr,NaN,NaN,NaN,NaN
678,@baberdg,NaN,NaN,NaN,NaN
679,@dgispr7,NaN,NaN,NaN,NaN
680,@oficialdgispr,NaN,NaN,NaN,NaN
681,@nayapak03142532,NaN,NaN,NaN,NaN
682,@0ficialdgispr,NaN,NaN,NaN,NaN
683,@iamdgispr,NaN,NaN,NaN,NaN
684,@milongh48572337,NaN,NaN,NaN,NaN
685,@dgispr5,NaN,NaN,NaN,NaN
686,@_dgispr,NaN,NaN,NaN,NaN
687,@dgispr14,NaN,NaN,NaN,NaN
688,@hassang97599972,NaN,NaN,NaN,NaN
689,@ispr__,NaN,NaN,NaN,NaN
690,@dgispr8,NaN,NaN,NaN,NaN
691,@dgispr_0fficial,NaN,NaN,NaN,NaN
692,@officaildgispr,NaN,NaN,NaN,NaN
693,@b_iftekharfan,NaN,NaN,NaN,NaN
694,@officialdgispr,NaN,NaN,NaN,NaN
695,@baberdg,NaN,NaN,NaN,NaN
696,@dgispr7,NaN,NaN,NaN,NaN
697,@oficialdgispr,NaN,NaN,NaN,NaN
698,@nayapak03142532,NaN,NaN,NaN,NaN
699,@0ficialdgispr,NaN,NaN,NaN,NaN
700,@iamdgispr,NaN,NaN,NaN,NaN
701,@milongh48572337,NaN,NaN,NaN,NaN
702,@dgispr5,NaN,NaN,NaN,NaN
703,@_dgispr,NaN,NaN,NaN,NaN
704,@dgispr14,NaN,NaN,NaN,NaN
705,@hassang97599972,NaN,NaN,NaN,NaN
706,@ispr__,NaN,NaN,NaN,NaN
707,@dgispr8,NaN,NaN,NaN,NaN
708,@dgispr_0fficial,NaN,NaN,NaN,NaN
709,@officaildgispr,NaN,NaN,NaN,NaN
710,@b_iftekharfan,NaN,NaN,NaN,NaN
711,@officialdgispr,NaN,NaN,NaN,NaN
712,@baberdg,NaN,NaN,NaN,NaN
713,@dgispr7,NaN,NaN,NaN,NaN
714,@oficialdgispr,NaN,NaN,NaN,NaN
715,@nayapak03142532,NaN,NaN,NaN,NaN
716,@0ficialdgispr,NaN,NaN,NaN,NaN
717,@iamdgispr,NaN,NaN,NaN,NaN
718,@milongh48572337,NaN,NaN,NaN,NaN
719,@dgispr5,NaN,NaN,NaN,NaN
720,@_dgispr,NaN,NaN,NaN,NaN
721,@dgispr14,NaN,NaN,NaN,NaN
722,@hassang97599972,NaN,NaN,NaN,NaN
723,@ispr__,NaN,NaN,NaN,NaN
724,@dgispr8,NaN,NaN,NaN,NaN
725,@dgispr_0fficial,NaN,NaN,NaN,NaN
726,@officaildgispr,NaN,NaN,NaN,NaN
727,@b_iftekharfan,NaN,NaN,NaN,NaN
728,@officialdgispr,NaN,NaN,NaN,NaN
729,@baberdg,NaN,NaN,NaN,NaN
730,@dgispr7,NaN,NaN,NaN,NaN
731,@oficialdgispr,NaN,NaN,NaN,NaN
732,@nayapak03142532,NaN,NaN,NaN,NaN
733,@0ficialdgispr,NaN,NaN,NaN,NaN
734,@iamdgispr,NaN,NaN,NaN,NaN
735,@milongh48572337,NaN,NaN,NaN,NaN
736,@dgispr5,NaN,NaN,NaN,NaN
737,@_dgispr,NaN,NaN,NaN,NaN
738,@dgispr14,NaN,NaN,NaN,NaN
739,@hassang97599972,NaN,NaN,NaN,NaN
740,@ispr__,NaN,NaN,NaN,NaN
741,@dgispr8,NaN,NaN,NaN,NaN
742,@dgispr_0fficial,NaN,NaN,NaN,NaN
743,@officaildgispr,NaN,NaN,NaN,NaN
744,@b_iftekharfan,NaN,NaN,NaN,NaN
745,@officialdgispr,NaN,NaN,NaN,NaN
746,@baberdg,NaN,NaN,NaN,NaN
747,@dgispr7,NaN,NaN,NaN,NaN
748,@oficialdgispr,NaN,NaN,NaN,NaN
749,@nayapak03142532,NaN,NaN,NaN,NaN
750,@0ficialdgispr,NaN,NaN,NaN,NaN
751,@iamdgispr,NaN,NaN,NaN,NaN
752,@milongh48572337,NaN,NaN,NaN,NaN
753,@dgispr5,NaN,NaN,NaN,NaN
754,@_dgispr,NaN,NaN,NaN,NaN
755,@dgispr14,NaN,NaN,NaN,NaN
756,@hassang97599972,NaN,NaN,NaN,NaN
757,@ispr__,NaN,NaN,NaN,NaN
758,@dgispr8,NaN,NaN,NaN,NaN
759,@dgispr_0fficial,NaN,NaN,NaN,NaN
760,@officaildgispr,NaN,NaN,NaN,NaN
761,@b_iftekharfan,NaN,NaN,NaN,NaN
762,@officialdgispr,NaN,NaN,NaN,NaN
763,@baberdg,NaN,NaN,NaN,NaN
764,@dgispr7,NaN,NaN,NaN,NaN
765,@oficialdgispr,NaN,NaN,NaN,NaN
766,@nayapak03142532,NaN,NaN,NaN,NaN
767,@0ficialdgispr,NaN,NaN,NaN,NaN
768,@iamdgispr,NaN,NaN,NaN,NaN
769,@milongh48572337,NaN,NaN,NaN,NaN
770,@dgispr5,NaN,NaN,NaN,NaN
771,@_dgispr,NaN,NaN,NaN,NaN
772,@dgispr14,NaN,NaN,NaN,NaN
773,@hassang97599972,NaN,NaN,NaN,NaN
774,@ispr__,NaN,NaN,NaN,NaN
775,@dgispr8,NaN,NaN,NaN,NaN
776,@dgispr_0fficial,NaN,NaN,NaN,NaN
777,@officaildgispr,NaN,NaN,NaN,NaN
778,@b_iftekharfan,NaN,NaN,NaN,NaN
779,@officialdgispr,NaN,NaN,NaN,NaN
780,@baberdg,NaN,NaN,NaN,NaN
781,@dgispr7,NaN,NaN,NaN,NaN
782,@oficialdgispr,NaN,NaN,NaN,NaN
783,@nayapak03142532,NaN,NaN,NaN,NaN
784,@0ficialdgispr,NaN,NaN,NaN,NaN
785,@iamdgispr,NaN,NaN,NaN,NaN
786,@milongh48572337,NaN,NaN,NaN,NaN
787,@dgispr5,NaN,NaN,NaN,NaN
788,@_dgispr,NaN,NaN,NaN,NaN
789,@dgispr14,NaN,NaN,NaN,NaN
790,@hassang97599972,NaN,NaN,NaN,NaN
791,@ispr__,NaN,NaN,NaN,NaN
792,@dgispr8,NaN,NaN,NaN,NaN
793,@dgispr_0fficial,NaN,NaN,NaN,NaN
794,@officaildgispr,NaN,NaN,NaN,NaN
795,@b_iftekharfan,NaN,NaN,NaN,NaN
796,@officialdgispr,NaN,NaN,NaN,NaN
797,@baberdg,NaN,NaN,NaN,NaN
798,@dgispr7,NaN,NaN,NaN,NaN
799,@oficialdgispr,NaN,NaN,NaN,NaN
800,@nayapak03142532,NaN,NaN,NaN,NaN
801,@0ficialdgispr,NaN,NaN,NaN,NaN
802,@iamdgispr,NaN,NaN,NaN,NaN
803,@milongh48572337,NaN,NaN,NaN,NaN
804,@dgispr5,NaN,NaN,NaN,NaN
805,@_dgispr,NaN,NaN,NaN,NaN
806,@dgispr14,NaN,NaN,NaN,NaN
807,@hassang97599972,NaN,NaN,NaN,NaN
808,@ispr__,NaN,NaN,NaN,NaN
809,@dgispr8,NaN,NaN,NaN,NaN
810,@dgispr_0fficial,NaN,NaN,NaN,NaN
811,@officaildgispr,NaN,NaN,NaN,NaN
812,@b_iftekharfan,NaN,NaN,NaN,NaN
813,@officialdgispr,NaN,NaN,NaN,NaN
814,@baberdg,NaN,NaN,NaN,NaN
815,@dgispr7,NaN,NaN,NaN,NaN
816,@oficialdgispr,NaN,NaN,NaN,NaN
817,@nayapak03142532,NaN,NaN,NaN,NaN
818,@0ficialdgispr,NaN,NaN,NaN,NaN
819,@iamdgispr,NaN,NaN,NaN,NaN
820,@milongh48572337,NaN,NaN,NaN,NaN
821,@dgispr5,NaN,NaN,NaN,NaN
822,@_dgispr,NaN,NaN,NaN,NaN
823,@dgispr14,NaN,NaN,NaN,NaN
824,@hassang97599972,NaN,NaN,NaN,NaN
825,@ispr__,NaN,NaN,NaN,NaN
826,@dgispr8,NaN,NaN,NaN,NaN
827,@dgispr_0fficial,NaN,NaN,NaN,NaN
828,@officaildgispr,NaN,NaN,NaN,NaN
829,@b_iftekharfan,NaN,NaN,NaN,NaN
830,@officialdgispr,NaN,NaN,NaN,NaN
831,@baberdg,NaN,NaN,NaN,NaN
832,@dgispr7,NaN,NaN,NaN,NaN
833,@oficialdgispr,NaN,NaN,NaN,NaN
834,@nayapak03142532,NaN,NaN,NaN,NaN
835,@0ficialdgispr,NaN,NaN,NaN,NaN
836,@iamdgispr,NaN,NaN,NaN,NaN
837,@milongh48572337,NaN,NaN,NaN,NaN
838,@dgispr5,NaN,NaN,NaN,NaN
839,@_dgispr,NaN,NaN,NaN,NaN
840,@dgispr14,NaN,NaN,NaN,NaN
841,@hassang97599972,NaN,NaN,NaN,NaN
842,@ispr__,NaN,NaN,NaN,NaN
843,@dgispr8,NaN,NaN,NaN,NaN
844,@dgispr_0fficial,NaN,NaN,NaN,NaN
845,@officaildgispr,NaN,NaN,NaN,NaN
846,@b_iftekharfan,NaN,NaN,NaN,NaN
847,@officialdgispr,NaN,NaN,NaN,NaN
848,@baberdg,NaN,NaN,NaN,NaN
849,@dgispr7,NaN,NaN,NaN,NaN
850,@oficialdgispr,NaN,NaN,NaN,NaN
851,@nayapak03142532,NaN,NaN,NaN,NaN
852,@0ficialdgispr,NaN,NaN,NaN,NaN
853,@iamdgispr,NaN,NaN,NaN,NaN
854,@milongh48572337,NaN,NaN,NaN,NaN
855,@dgispr5,NaN,NaN,NaN,NaN
856,@_dgispr,NaN,NaN,NaN,NaN
857,@dgispr14,NaN,NaN,NaN,NaN
858,@hassang97599972,NaN,NaN,NaN,NaN
859,@ispr__,NaN,NaN,NaN,NaN
860,@dgispr8,NaN,NaN,NaN,NaN
861,@dgispr_0fficial,NaN,NaN,NaN,NaN
862,@officaildgispr,NaN,NaN,NaN,NaN
863,@b_iftekharfan,NaN,NaN,NaN,NaN
864,@officialdgispr,NaN,NaN,NaN,NaN
865,@baberdg,NaN,NaN,NaN,NaN
866,@dgispr7,NaN,NaN,NaN,NaN
867,@oficialdgispr,NaN,NaN,NaN,NaN
868,@nayapak03142532,NaN,NaN,NaN,NaN
869,@0ficialdgispr,NaN,NaN,NaN,NaN
870,@iamdgispr,NaN,NaN,NaN,NaN
871,@milongh48572337,NaN,NaN,NaN,NaN
872,@dgispr5,NaN,NaN,NaN,NaN
873,@_dgispr,NaN,NaN,NaN,NaN
874,@dgispr14,NaN,NaN,NaN,NaN
875,@hassang97599972,NaN,NaN,NaN,NaN
876,@ispr__,NaN,NaN,NaN,NaN
877,@dgispr8,NaN,NaN,NaN,NaN
878,@dgispr_0fficial,NaN,NaN,NaN,NaN
879,@officaildgispr,NaN,NaN,NaN,NaN
880,@b_iftekharfan,NaN,NaN,NaN,NaN
881,@officialdgispr,NaN,NaN,NaN,NaN
882,@baberdg,NaN,NaN,NaN,NaN
883,@dgispr7,NaN,NaN,NaN,NaN
884,@oficialdgispr,NaN,NaN,NaN,NaN
885,@nayapak03142532,NaN,NaN,NaN,NaN
886,@0ficialdgispr,NaN,NaN,NaN,NaN
887,@iamdgispr,NaN,NaN,NaN,NaN
888,@milongh48572337,NaN,NaN,NaN,NaN
889,@dgispr5,NaN,NaN,NaN,NaN
890,@dgispr7,NaN,NaN,NaN,NaN
891,@officialdgispr,NaN,NaN,NaN,NaN
892,@dtayyeebb,NaN,NaN,NaN,NaN
893,@dgispr5,NaN,NaN,NaN,NaN
894,@milongh48572337,NaN,NaN,NaN,NaN
895,@oficialdgispr,NaN,NaN,NaN,NaN
896,@hassang97599972,NaN,NaN,NaN,NaN
897,@iamdgispr,NaN,NaN,NaN,NaN
898,@dgispr_0fficial,NaN,NaN,NaN,NaN
899,@dgispr14,NaN,NaN,NaN,NaN
900,@ispr__,NaN,NaN,NaN,NaN
901,@0ficialdgispr,NaN,NaN,NaN,NaN
902,@_dgispr,NaN,NaN,NaN,NaN
903,@baberdg,NaN,NaN,NaN,NaN
904,@officaildgispr,NaN,NaN,NaN,NaN
905,@dgispr8,NaN,NaN,NaN,NaN
906,@b_iftekharfan,NaN,NaN,NaN,NaN
907,@dgispr7,NaN,NaN,NaN,NaN
908,@officialdgispr,16.381188118811885,7.824752475247523,75.79900990099009,Positive
909,@dtayyeebb,NaN,NaN,NaN,NaN
910,@dgispr5,NaN,NaN,NaN,NaN
911,@milongh48572337,20.03863636363636,4.351136363636364,75.60909090909091,Neutral
912,@oficialdgispr,0.0,0.0,100.0,Neutral
913,@hassang97599972,0.0,0.0,100.0,Neutral
914,@iamdgispr,5.155445544554456,1.062376237623762,93.78217821782178,Neutral
915,@dgispr_0fficial,7.294444444444445,6.894444444444444,85.8111111111111,Neutral
916,@dgispr14,0.0,0.0,100.0,Neutral
917,@ispr__,1.6,1.9142857142857141,96.47142857142856,Neutral
918,@0ficialdgispr,0.0,0.0,100.0,Neutral
919,@_dgispr,10.996103896103898,6.301298701298701,82.6974025974026,Positive
920,@baberdg,NaN,NaN,NaN,NaN
921,@officaildgispr,13.674999999999997,13.2625,73.07499999999999,Negative
922,@dgispr8,2.74,15.4,81.85999999999999,Negative
923,@b_iftekharfan,7.2875,0.0,92.7125,Neutral
924,@ayeshasource,12.088235294117647,0.0,87.91176470588235,Neutral
925,@ayeshao07561596,36.29,5.04,58.67999999999999,Positive
926,@ayesha_omar_,NaN,NaN,NaN,NaN
927,vill,11.200000000000001,9.157142857142857,79.64285714285714,Positive
928,@ayeshaomar18,NaN,NaN,NaN,NaN
929,@ayeshamomar,11.11,0.0,88.89,Neutral
930,@ayesha_omar5,NaN,NaN,NaN,NaN
931,@ayeshomar1,0.0,39.800000000000004,60.199999999999996,Negative
932,@ayesha_m_omarr,NaN,NaN,NaN,NaN
933,@ayeshaomarfc,37.28811881188118,2.396039603960396,60.31683168316832,Positive
934,@ayeshaomar114,NaN,NaN,NaN,NaN
935,@ayeshao94368746,13.65,9.65,76.7,Negative
936,@ayeshabemath,7.222500000000001,12.135000000000002,80.64500000000001,Neutral
937,@ayeshaomar8,0.0,0.0,100.0,Neutral
938,@ayeshaomar9,NaN,NaN,NaN,NaN
939,@ayesha86003294,29.55,7.95,62.5,Positive
940,@ayeshaomar7,NaN,NaN,NaN,NaN
941,@ayeshaomar3,NaN,NaN,NaN,NaN
942,@ayeshaomar20,NaN,NaN,NaN,NaN
943,@ayesha_m_omar1,49.2,0.0,50.8,Positive
944,@ayeshaomar16,NaN,NaN,NaN,NaN
945,@theaishaomar,0.0,0.0,100.0,Neutral
946,@ayesha_bulbulay,22.133333333333333,1.7000000000000002,76.16666666666667,Neutral
947,@ayeshaomar78,NaN,NaN,NaN,NaN
948,@theayeshaomar,13.14257425742574,1.7128712871287122,85.14752475247525,Positive
949,@ayeshaomar8o,18.252475247524753,4.573267326732673,77.17326732673266,Negative
950,@asheeomi,12.82079207920792,1.118811881188118,86.06039603960394,Neutral
951,@ayeshaomar,NaN,NaN,NaN,NaN
952,@ayesha98229786,0.0,1.3625,98.6375,Neutral
953,@ayeshaomar_fp,NaN,NaN,NaN,NaN
954,@ayesha_omar10,17.432673267326734,10.139603960396041,72.42970297029701,Positive
955,@ayeshaomaromar,0.0,6.5,93.5,Negative
956,@ayeshaomar21,NaN,NaN,NaN,NaN
957,@ayeshaomar_,30.287128712871286,2.94059405940594,66.77227722772278,Positive
958,@ayeshaomar15,NaN,NaN,NaN,NaN
959,@artist_ayesha9,20.45544554455445,1.7089108910891082,77.8356435643564,Positive
960,@ayesha_m_omar,14.246534653465345,7.076237623762378,78.67227722772276,Neutral
961,@ayeshaomar12121,NaN,NaN,NaN,NaN
962,@drayeshaomar,16.66336633663367,7.4445544554455445,75.89702970297031,Neutral
963,@ayeshaomar19,NaN,NaN,NaN,NaN
964,@aysh_ouma,NaN,NaN,NaN,NaN
965,@ayeshaomar65012,NaN,NaN,NaN,NaN
966,@asshimran,NaN,NaN,NaN,NaN
967,@ayesha_m_omar_,NaN,NaN,NaN,NaN
968,@ayeshaoib,0.0,0.0,100.0,Neutral
969,@ayeshaomar6,6.871428571428572,0.0,93.12857142857142,Positive
970,@ayeshaomarclub,0.0,0.0,100.0,Neutral
971,@ayeshaomar2009,NaN,NaN,NaN,NaN
972,@muhammadsaqli13,4.730693069306931,4.008910891089109,91.26138613861386,Neutral
973,@ayesha17_,22.425,0.0,77.57499999999999,Positive
974,@ayeshaomar1986,NaN,NaN,NaN,NaN
975,@ayrah012,46.2,0.0,53.800000000000004,Positive
976,@ayeshaomar14,NaN,NaN,NaN,NaN
977,@ayeshaomar2,NaN,NaN,NaN,NaN
978,@ayeshaslife17,7.171428571428572,0.0,92.82857142857144,Positive
979,@ayeshaomar10,NaN,NaN,NaN,NaN
980,@ayeshasource,12.088235294117647,0.0,87.91176470588233,Neutral
981,@ayeshao07561596,36.28999999999999,5.040000000000001,58.679999999999986,Positive
982,@ayesha_omar_,NaN,NaN,NaN,NaN
983,vill,11.200000000000001,9.157142857142857,79.64285714285714,Positive
984,@ayeshaomar18,NaN,NaN,NaN,NaN
985,@ayeshamomar,11.11,0.0,88.89000000000001,Neutral
986,@ayesha_omar5,NaN,NaN,NaN,NaN
987,@ayeshomar1,0.0,39.800000000000004,60.199999999999996,Negative
988,@ayesha_m_omarr,NaN,NaN,NaN,NaN
989,@ayeshaomarfc,37.2881188118812,2.396039603960396,60.31683168316831,Positive
990,@ayeshaomar114,NaN,NaN,NaN,NaN
991,@ayeshao94368746,13.65,9.65,76.7,Negative
992,@ayeshabemath,7.222500000000001,12.134999999999994,80.64499999999998,Neutral
993,@ayeshaomar8,0.0,0.0,100.0,Neutral
994,@ayeshaomar9,NaN,NaN,NaN,NaN
995,@ayesha86003294,29.549999999999997,7.95,62.5,Positive
996,@ayeshaomar7,NaN,NaN,NaN,NaN
997,@ayeshaomar3,NaN,NaN,NaN,NaN
998,@ayeshaomar20,NaN,NaN,NaN,NaN
999,@ayesha_m_omar1,49.2,0.0,50.8,Positive
1000,@ayeshaomar16,NaN,NaN,NaN,NaN
1001,@theaishaomar,0.0,0.0,100.0,Neutral
1002,@ayesha_bulbulay,22.133333333333333,1.7000000000000002,76.16666666666667,Neutral
1003,@ayeshaomar78,NaN,NaN,NaN,NaN
1004,@theayeshaomar,13.142574257425746,1.7128712871287122,85.14752475247528,Positive
1005,@ayeshaomar8o,18.252475247524757,4.573267326732673,77.1732673267327,Negative
1006,@asheeomi,12.820792079207921,1.118811881188118,86.06039603960399,Neutral
1007,@ayeshaomar,NaN,NaN,NaN,NaN
1008,@ayesha98229786,0.0,1.3625,98.6375,Neutral
1009,@ayeshaomar_fp,NaN,NaN,NaN,NaN
1010,@ayesha_omar10,17.432673267326734,10.139603960396043,72.42970297029703,Positive
1011,@ayeshaomaromar,0.0,6.5,93.5,Negative
1012,@ayeshaomar21,NaN,NaN,NaN,NaN
1013,@ayeshaomar_,30.287128712871286,2.940594059405941,66.77227722772275,Positive
1014,@ayeshaomar15,NaN,NaN,NaN,NaN
1015,@artist_ayesha9,20.455445544554465,1.708910891089109,77.83564356435645,Positive
1016,@ayesha_m_omar,14.246534653465348,7.076237623762378,78.67227722772277,Neutral
1017,@ayeshaomar12121,NaN,NaN,NaN,NaN
1018,@drayeshaomar,16.663366336633654,7.4445544554455445,75.89702970297029,Neutral
1019,@ayeshaomar19,NaN,NaN,NaN,NaN
1020,@aysh_ouma,NaN,NaN,NaN,NaN
1021,@ayeshaomar65012,NaN,NaN,NaN,NaN
1022,@asshimran,NaN,NaN,NaN,NaN
1023,@ayesha_m_omar_,NaN,NaN,NaN,NaN
1024,@ayeshaoib,0.0,0.0,100.0,Neutral
1025,@ayeshaomar6,6.871428571428572,0.0,93.12857142857145,Positive
1026,@ayeshaomarclub,0.0,0.0,100.0,Neutral
1027,@ayeshaomar2009,NaN,NaN,NaN,NaN
1028,@muhammadsaqli13,4.7306930693069305,4.00891089108911,91.26138613861387,Neutral
1029,@ayesha17_,22.425,0.0,77.575,Positive
1030,@ayeshaomar1986,NaN,NaN,NaN,NaN
1031,@ayrah012,46.2,0.0,53.800000000000004,Positive
1032,@ayeshaomar14,NaN,NaN,NaN,NaN
1033,@ayeshaomar2,NaN,NaN,NaN,NaN
1034,@ayeshaslife17,7.171428571428572,0.0,92.82857142857142,Positive
1035,@ayeshaomar10,NaN,NaN,NaN,NaN
